{
      "I_ex_off": 6.182117063529402,
      "I_ex_on": 16.132214622993835,
      "I_ix_off": 6.182117063529402,
      "I_ix_on": 16.132214622993835,
      "J_ee_in": 3.1859378801845377,
      "J_ee_out": 5.044429780319595,
      "J_ei_in": -3.9824223502306717,
      "J_ei_out": 0,
      "J_ex": 200.0,
      "J_ie_in": 3.1859378801845377,
      "J_ie_out": 5.044429780319595,
      "J_ii_in": -3.9824223502306717,
      "J_ii_out": 0,
      "J_ix": 200.0,
      "N_features": 41,
      "Ne": 4000,
      "Ni": 1000,
      "Nx": 4000,
      "T": 5500,
      "Tinit": 500,
      "Tsim": 5000,
      "Vreset": 0,
      "Vrest": 0,
      "Vthr": 10,
      "circulant_ee_connectivity": true,
      "delay_e_in": 2.0,
      "delay_e_out": 2.0,
      "delay_i_in": 1,
      "delay_i_out": 1,
      "dt": 0.01,
      "fix_indegree": true,
      "input_mode": "gaussian_white_noise",
      "ix_on": 20,
      "nRF_target": 7,
      "p_ee_in": 0.1,
      "p_ee_out": 0.1,
      "p_ei_in": 0.1,
      "p_ei_out": 0,
      "p_ex": 0.1,
      "p_ie_in": 0.1,
      "p_ie_out": 0.1,
      "p_ii_in": 0.1,
      "p_ii_out": 0,
      "p_ix": 0.1,
      "r_max_target": 150,
      "random_delays": {
            "ee": true,
            "ei": true,
            "ie": true,
            "ii": true
      },
      "seed": 0,
      "seed_adjacency": 0,
      "sigma_bg": 0,
      "tm": 20,
      "tref": 0,
      "verbose": true
}